databaseMethod,uri,label,Notation,essdmNOTATION
40Ar/39Ar geochronology and thermochronology,meth:geochronology40ar39ar,40Ar-39Ar geochronology,ARGT,
40Ar-39Ar geochronology,meth:geochronology40ar39ar,40Ar-39Ar geochronology,ARGT,
Accelerator mass spectrometry,meth:acceleratormassspectrometry,Accelerator mass spectrometry,AMS,AMS
Acid reaction carbonate analysis,meth:acidreactioncarbonateanalysis,Acid reaction carbonate analysis,xARCA,
Activation analysis,meth:particleinducedactivationanalysis,Activation analysis,PIGE,
Active X-Ray Spectrometer,meth:xrayfluorescencespectrometry,X-ray fluorescence spectrometry,XRF,AXRS
ADSORPTION,meth:adsorptionanalysis,Adsorption analysis,ADS,
Adsorption analysis,meth:adsorptionanalysis,Adsorption analysis,ADS,
AFM topography imaging,meth:afmtopographyimaging,AFM topography imaging,AFM,
ALPHA COUNTING,meth:alphaparticlecounting,Alpha particle counting,ALPHA,ALPHA
ALPHA COUNTING ISOTOPE DILUTION,meth:alphaparticlecounting,Alpha particle counting,ALPHA,ALPHA-ID
Alpha particle counting,meth:alphaparticlecounting,Alpha particle counting,ALPHA,
ALPHA PARTICLE DECAY COUNTING,meth:alphaparticlecounting,Alpha particle counting,ALPHA,
Alpha particle spectrometry,meth:alphaparticlespectrometry,Alpha particle spectrometry,ALPHASPEC,
Alpha recoil track counting,meth:alpharecoiltrackcounting,Alpha recoil track counting,ART,
Alpha spectrometry,meth:alphaparticlespectrometry,Alpha particle spectrometry,ALPHASPEC,
ALPHA-DECAY COUNTING,meth:alphaparticlecounting,Alpha particle counting,ALPHA,
ALPHA-RECOIL TRACKS DATING,meth:alpharecoiltrackcounting,Alpha recoil track counting,ART,
Amperometry,meth:amperometry,Amperometry,,
Analytical method,meth:analyticalmethod,Analytical method,xGT,
Analytical technique,meth:analyticalmethod,Analytical method,xGT,
ANAYTICAL ELECTRON MICROSCOPY,meth:electronmicroscopyimaging,Electron microscopy imaging,AEM,AEM
Angle of repose measurement,meth:angleofreposemeasurement,Angle of repose measurement,ARM,
ANION CHROMATOGRAPHY,meth:anionchromatographyanalysis,Anion chromatography analysis,ANC,ANC
Anion chromatography analysis,meth:anionchromatographyanalysis,Anion chromatography analysis,ANC,
ARSINE GUTZEIT REACTION,meth:gutzeittest,Gutzeit test,ARS,
Atom probe tomography,meth:atomprobetomography,Atom probe tomography,APT,
ATOMIC ABSORPTION,meth:atomicabsorptionspectrometry,Atomic absorption spectrometry,AAS,AAS
Atomic absorption spectrometry,meth:atomicabsorptionspectrometry,Atomic absorption spectrometry,AAS,
Atomic absorption spectrophotometry,meth:atomicabsorptionspectrometry,Atomic absorption spectrometry,AAS,
Atomic absorption spectroscopy,meth:atomicabsorptionspectrometry,Atomic absorption spectrometry,AAS,
ATOMIC EMISSION SPECTROMETRY (FLAME PHOTOMETRY),meth:flameemissionspectrometry,Flame emission spectrometry,FLES,
ATOMIC FLUORESCENCE SPECTROMETRY,meth:fluorescencespectrometry,Fluorescence spectrometry,AFS,
Atomic force microscopy,meth:atomicforcemicroscopy,Atomic force microscopy,,
Auger electron spectroscopy,meth:augerelectronspectroscopy,Auger electron spectroscopy,AUGER,AUGER
Backscatter electron microscopy,meth:backscatteredelectronimaging,Backscattered electron imaging,BSE,
Backscattered electron grain boundary imaging,meth:backscatteredelectrongrainboundarymap,Backscattered electron grain boundary imaging,SEMEBSDGrainImageMap,
Backscattered electron imaging,meth:backscatteredelectronimaging,Backscattered electron imaging,BSE,
Bench chemistry ,meth:benchchemistry,Bench chemistry ,,
BETA COUNTING,meth:betacounting,Beta counting,BETA,BETA
Bioanalytical method,meth:bioanalyticalmethod,Bioanalytical method,,
BROAD BEAM ANALYSIS,meth:broadbeamxrayspectrometry,Broad beam X-ray spectrometry,XRBB,BROAD BEAM ANALYSIS
Broad beam X-ray spectrometry,meth:broadbeamxrayspectrometry,Broad beam X-ray spectrometry,XRBB,
CALCINATION,wrkf:calcination,,CALC,
CALCINATION ANALYSIS,wrkf:calcination,,CALC,
CALCULATED,wrkf:calculation,,CALC,CALC
Calculation,wrkf:calculation,,CALC,
Capacitance dilatometry,meth:capacitancedilatometry,Capacitance dilatometry,CAPD,
CARBON HYDROGEN NITROGEN ANALYSIS,meth:elementalanalysis,Elemental analysis ,EA,
CARBON HYDROGEN NITROGEN ANALYZER,meth:elementalanalysis,Elemental analysis ,EA,CHN
CARBON HYDROGEN NITROGEN GAS CHROMATOGRAPHY,meth:gaschromatographyanalysis,Gas chromatography analysis,GC,CHN-G
CARBON HYDROGEN NITROGEN SULFUR ELEMENTAL ANALYSIS,meth:elementalanalysis,Elemental analysis ,EA,
CARBON HYDROGEN SULFUR ELEMENTAL ANALYSIS,meth:elementalanalysis,Elemental analysis ,EA,CHS
CARBON NITROGEN SULFUR ANALYSIS,meth:elementalanalysis,Elemental analysis ,EA,
CARBON NITROGEN SULFUR ANALYZER,meth:elementalanalysis,Elemental analysis ,EA,CNS
CARBON SULFUR ANALYSIS,meth:elementalanalysis,Elemental analysis ,EA,
CARBON SULFUR ANALYZER,meth:elementalanalysis,Elemental analysis ,EA,CSA
CARBON SULPHUR ANALYZER,meth:elementalanalysis,Elemental analysis ,EA,
CARBONATE BOMB,meth:carbonatebombanalysis,Carbonate bomb analysis,CB,
Carbonate bomb analysis,meth:carbonatebombanalysis,Carbonate bomb analysis,CB,
Catalytic combustion analysis,meth:catalyticcombustionanalysis,Catalytic combustion analysis,CCOMB,
Cathodoluminescence imaging,meth:cathodoluminescenceimaging,Cathodoluminescence imaging,HR-CL,
Cation Chromatography,meth:cationchromatographyanalysis,Cation chromatography analysis,xCCR,
Cation chromatography analysis,meth:cationchromatographyanalysis,Cation chromatography analysis,xCCR,
Chain termination sequencing,meth:sangersequencing,Sanger sequencing,,
CHARMOGRAPH,meth:charmographanalysis,Charmograph analysis,CHARM,
Charmograph analysis,meth:charmographanalysis,Charmograph analysis,CHARM,
CHEMICAL ABRASION THERMAL-IONIZATION MASS SPECTROMETRY,meth:thermalionizationmassspectrometry,Thermal ionization mass spectrometry,TIMS,
CHNS ANALYZER,meth:elementalanalysis,Elemental analysis ,,
Chromatography analysis,meth:chromatographyanalysis,Chromatography analysis,xCR,
CNS ANALYZER,meth:elementalanalysis,Elemental analysis ,,
COLORIMETRIC ANALYSIS,meth:colormetricanalysis,Colormetric analysis,COL,COL
COLORIMETRY,meth:colormetricanalysis,Colormetric analysis,COL,
Colormetric analysis,meth:colormetricanalysis,Colormetric analysis,COL,
COMBUSTION,meth:combustionanalysis,Combustion analysis,COMB,COMBUSTION
Combustion analysis,meth:combustionanalysis,Combustion analysis,COMB,
Combustion gas chromatography,meth:combustiongaschromatography,Combustion gas chromatography,,
Combustion gas chromatography isotopic ratio mass spectrometry,meth:combustiongaschromatographyisotopicratiomassspectrometry,Combustion gas chromatography isotopic ratio mass spectrometry,GC-C-IRMS,
Combustion infrared spectrometry,meth:combustioninfraredspectrometry,Combustion infrared spectrometry,CIR,
Combustion Ion Chromatography,meth:combustionionchromatography,Combustion Ion Chromatography  ,CIC,CIC
COMBUSTION-INFRARED ANALYSIS,meth:combustioninfraredspectrometry,Combustion infrared spectrometry,CIR,
COMBUSTION-INFRARED TECHNIQUE,meth:combustioninfraredspectrometry,Combustion infrared spectrometry,CIR,
Compression test,meth:compressiontest,Compression test,COMPT,
COMPUTER-AIDED MICROANALYZER,meth:xraymap,X-ray composition map,XMAP,CMA
Confocal X-ray fluorescence spectrometry,meth:confocalxrayfluorescencespectrometry,Confocal X-ray fluorescence spectrometry,,
Continuous flow isotope ratio mass spectrometry,meth:continuousflowisotoperatiomassspectrometry,Continuous flow isotope ratio mass spectrometry,CFIRMS,
Coulometrical analysis,meth:coulometricalanalysis,Coulometrical analysis,COUL,COUL
DCAES,meth:directcurrentplasmaemissionspectrometry,Direct current plasma emission spectrometry,DCAES,DCAES
DELAYED NEUTRON COUNTING,meth:neutroncounting,Neutron counting,NCC,
Desorption electrospray ionization orbitrap mass spectrometry,meth:desorptionelectrosprayionizationorbitrapmassspectrometry,Desorption electrospray ionization orbitrap mass spectrometry,DESI-Orbitrap MS,
destructive activation analysis,meth:radiochemicalneutronactivationanalysis,Radiochemical neutron activation analysis,RNAA,
DESTRUCTIVE NEUTRON ACTIVATION ANALYSIS,meth:radiochemicalneutronactivationanalysis,Radiochemical neutron activation analysis,RNAA,
Deuteron activation analysis,meth:deuteronactivationanalysis,Deuteron activation analysis,DDA,
DIETRICH-FRUHLING CALCIMETER,meth:dietrichfruhlingcalcimetry,Dietrich-Fruhling calcimetry,DFCALC,
Dietrich-Fruhling calcimetry,meth:dietrichfruhlingcalcimetry,Dietrich-Fruhling calcimetry,DFCALC,
Differential analyzer,meth:differentialthermalanalyis,Differential thermal analysis,,
Differential scanning calorimetry,meth:differentialscanningcalorimetry,Differential scanning calorimetry,DSC,
Differential thermal analysis,meth:differentialthermalanalyis,Differential thermal analysis,,
DIRECT CURRENT PLASMA (FURTHER DETAIL NOT PROVIDED),meth:directcurrentplasmaspectrometry,Direct current plasma spectrometry,DCP,DCP
Direct current plasma emission spectrometry,meth:directcurrentplasmaemissionspectrometry,Direct current plasma emission spectrometry,DCAES,
Direct current plasma spectrometry,meth:directcurrentplasmaspectrometry,Direct current plasma spectrometry,DCP,
Direct Mercury Analyzer,meth:elementalanalysisinfraredspectrometry,Elemental analysis infrared spectrometry ,,
DIRECT READING OPTICAL EMISSIONS SPECTROSCOPY,meth:opticalemissionspectrometry,Optical emission spectrometry,xOES,DROES
Direct shear strength measurement,meth:directshearstrengthmeasurement,Direct shear strength measurement,DSSM,
DIRECT-CURRENT PLASMA ATOMIC EMISSION SPECTROMETRY,meth:directcurrentplasmaemissionspectrometry,Direct current plasma emission spectrometry,DCAES,
DIRECT-CURRENT PLASMA SPECTROMETRY,meth:directcurrentplasmaspectrometry,Direct current plasma spectrometry,DCP,
DIRECTLY COUPLED PLASMA OPTICAL EMISSION SPECTROSCOPY,meth:plasmaopticalemissionspectrometry,Plasma optical emission spectrometry,POES,
DNA amplification,meth:quantitativepolymerasechainreaction,Quantitative polymerase chain reaction,qPCR,
DNA enrichment,meth:quantitativepolymerasechainreaction,Quantitative polymerase chain reaction,qPCR,
DNA hybridization capture,meth:hybridizationassay,Hybridization assay,,
DNA sequencing,meth:dnasequencing,DNA sequencing,,
DROES,meth:opticalemissionspectrometry,Optical emission spectrometry,xOES,
Dual inlet isotope ratio mass spectrometry,meth:dualinletisotoperatiomassspectrometry,Dual inlet isotope ratio mass spectrometry,DIIRMS,
DUPONT SOLID'S MOISTURE ANALYSIS,meth:moistureanalysis,Moisture analysis,SMA,SMA
Electrical conductivity measurement,meth:electricalconductivitymeasurement,Electrical conductivity measurement,,
Electrochemical impedance spectroscopy,meth:electrochemicalimpedancespectroscopy,Electrochemical impedance spectroscopy,IES,
Electrochemical techniques,meth:electrochemicaltechniques,Electrochemical techniques,xEC,
ELECTROMETRY,meth:potentiometry,Potentiometry,POT,
Electron backscatter diffraction,meth:electronbackscatterdiffraction,Electron backscatter diffraction,EBSD,
ELECTRON CAPTURE GAS CHROMATOGRAPHY,meth:gaschromatographyanalysis,Gas chromatography analysis,GC,
Electron diffraction,meth:electrondiffraction,Electron diffraction,,
Electron energy loss spectrometry,meth:electronenergylossspectrometry,Electron energy loss spectrometry,,
Electron induced X-ray spectrometry,meth:electroninducedxrayspectrometry,Electron induced X-ray spectrometry,xEIXS,
ELECTRON MICROPROBE,meth:quantitativeanalysiselectroninducedxrayspectrometry,Quantitative analysis electron induced X-ray spectrometry,EMPA,EMP
ELECTRON MICROPROBE ANALYSIS,meth:quantitativeanalysiselectroninducedxrayspectrometry,Quantitative analysis electron induced X-ray spectrometry,EMPA,
Electron microscopy imaging,meth:electronmicroscopyimaging,Electron microscopy imaging,AEM,
Electron spectrometry,meth:electronspectrometry,Electron spectrometry,xESPEC,
Electron spin resonance age analysis,meth:electronspinresonanceageanalysis,Electron spin resonance age analysis,ESR,
ELECTRON-SPIN RESONANCE AGE,meth:electronspinresonanceageanalysis,Electron spin resonance age analysis,ESR,
ELECTRON-SPIN RESONANCE AGE ANALYSIS,meth:electronspinresonanceageanalysis,Electron spin resonance age analysis,ESR,
Electrothermal absorption spectrometry,meth:electrothermalabsorptionspectrometry,Electrothermal absorption spectrometry,ETAAS,
ELECTROTHERMAL ATOMIC ABSORPTION SPECTROMETRY,meth:electrothermalabsorptionspectrometry,Electrothermal absorption spectrometry,ETAAS,
ELEMENTAL ANALYSER,meth:elementalanalysis,Elemental analysis ,,
ELEMENTAL ANALYSER CONTINUOUS FLOW ISOTOPIC RATIO MASS SPECTROMETER,meth:continuousflowisotoperatiomassspectrometry,Continuous flow isotope ratio mass spectrometry,CFIRMS,
Elemental analysis,meth:elementalanalysis,Elemental analysis ,,
Elemental analysis infrared spectrometry,meth:elementalanalysisinfraredspectrometry,Elemental analysis infrared spectrometry ,,
Elemental analysis infrared spectrometry ,meth:elementalanalysisinfraredspectrometry,Elemental analysis infrared spectrometry ,,
Elemental analysis isotope ratio mass spectrometry,meth:elementalanalysisisotoperatiomassspectrometry,Elemental analysis isotope ratio mass spectrometry,EA-IRMS,
Elemental analysis mass spectrometry,meth:elementalanalysismassspectrometry,Elemental analysis mass spectrometry,EAMS,
ELEMENTAL ANALYZER,meth:elementalanalysis,Elemental analysis ,EA,EA
Elemental analyzer - isotope ratio mass spectrometry,meth:elementalanalysisisotoperatiomassspectrometry,Elemental analysis isotope ratio mass spectrometry,EA-IRMS,
ELEMENTAL ANALYZER CONTINUOUS-FLOW ISOTOPE RATIO MASS SPECTROMETRY,meth:continuousflowisotoperatiomassspectrometry,Continuous flow isotope ratio mass spectrometry,CFIRMS,EA-CF-IRMS
Elemental analyzer mass spectrometry,meth:elementalanalysismassspectrometry,Elemental analysis mass spectrometry,EAMS,
elemental analyzer-mass spectrometry,meth:elementalanalysismassspectrometry,Elemental analysis mass spectrometry,EAMS,EA-MS
Elemental spectra (ESPC) measurements,meth:energydispersiveelectroninducedxrayspectrometry,Energy dispersive electron induced X-ray spectrometry,EEDS,
Emission spectrometry,meth:emissionspectrometry,Emission spectrometry,ES,ES
Energy dispersive electron induced X-ray spectrometry,meth:energydispersiveelectroninducedxrayspectrometry,Energy dispersive electron induced X-ray spectrometry,EEDS,
Energy dispersive spectroscopy,meth:energydispersivexrayspectrometry,Energy dispersive X-ray spectrometry,EDS,EDS
Energy dispersive X-ray fluorescence spectrometry,meth:energydispersivexrayfluorescencespectrometry,Energy dispersive X-ray fluorescence spectrometry,XRFEDS,
Energy dispersive X-ray spectral data 2D raster,meth:energydispersivexrayspectraraster,Energy dispersive X-ray spectral data 2D raster,,
Energy dispersive X-ray spectrometry,meth:energydispersivexrayspectrometry,Energy dispersive X-ray spectrometry,EDS,
energy-dispersive X-ray analysis (EDXA),meth:energydispersivexrayfluorescencespectrometry,Energy dispersive X-ray fluorescence spectrometry,XRFEDS,
ENERGY-DISPERSIVE X-RAY FLUORESCENCE,meth:energydispersivexrayfluorescencespectrometry,Energy dispersive X-ray fluorescence spectrometry,XRFEDS,XRF-EDS
energy-dispersive X-ray fluorescence analysis (EDX),meth:energydispersivexrayfluorescencespectrometry,Energy dispersive X-ray fluorescence spectrometry,XRFEDS,
Energy-dispersive X-ray spectral data (EDS) - 2D raster,meth:energydispersivexrayspectraraster,Energy dispersive X-ray spectral data 2D raster,,
ENERGY-DISPERSIVE X-RAY SPECTROSCOPY,meth:energydispersivexrayspectrometry,Energy dispersive X-ray spectrometry,EDS,
"energy-dispersive X-ray spectroscopy (EDS, EDXS)",meth:energydispersivexrayfluorescencespectrometry,Energy dispersive X-ray fluorescence spectrometry,XRFEDS,
Energy-filtered transmission electron imaging,meth:energyfilteredtransmissionelectronimaging,Energy-filtered transmission electron imaging,EFTEM,
Energy-filtered transmission electron microscopy,meth:energyfilteredtransmissionelectronimaging,Energy-filtered transmission electron imaging,EFTEM,
Epithermal neutron activation analysis,meth:epithermalneutronactivationanalysis,Epithermal neutron activation analysis,ENAA,ENAA
EXCIMER LASER ABLATION INDUCTIVELY-COUPLED PLASMA MASS SPECTROMETRY,meth:laserablationinductivelycoupledplasmamassspectrometry,Laser ablation inductively coupled plasma mass spectrometry,LAICPMS,
Extended X-ray absorption fine structure,meth:extendedxrayabsorptionfinestructure,Extended X-ray absorption fine structure,EXAFS,
EXTRACTION HYDROGEN MANOMETRY,meth:manometry,Manometry,MANO,
Fast neutron activation analysis,meth:fastneutronactivationanalysis,Fast neutron activation analysis,FNAA,FNAA
FEMTO LASER MULTI-COLLECTOR INDUCTIVELY COUPLED PLASMA MAGNETIC SECTOR MASS SPECTROMETRY,meth:laserablationinductivelycoupledplasmamassspectrometry,Laser ablation inductively coupled plasma mass spectrometry,LAICPMS,
FIELD EMISSION ELECTRON MICROPROBE,meth:quantitativeanalysiselectroninducedxrayspectrometry,Quantitative analysis electron induced X-ray spectrometry,EMPA,
FIELD EMISSION ELECTRON MICROPROBE ANALYSIS,meth:quantitativeanalysiselectroninducedxrayspectrometry,Quantitative analysis electron induced X-ray spectrometry,EMPA,
FILM POLAROGRAPHY,meth:polarography,Polarography,POL,FP
Fire assay emission spectrometry,meth:fireassayemissionspectrometry,Fire assay emission spectrometry,xFEMS,
FISSION TRACK,meth:fissiontrackcounting,Fission track counting,FT,FIS
FISSION TRACK ANALYSIS,meth:fissiontrackcounting,Fission track counting,FT,
Fission track counting,meth:fissiontrackcounting,Fission track counting,FT,
Flame emission spectrometry,meth:flameemissionspectrometry,Flame emission spectrometry,FLES,
FLAME EMISSION SPECTROSCOPY,meth:flameemissionspectrometry,Flame emission spectrometry,FLES,FL-ES
FLAME PHOTOMETRY,meth:flameemissionspectrometry,Flame emission spectrometry,FLES,FPHOT
Flow cytometry,meth:flowcytometry,Flow cytometry,,
Fluorescence microscopy,meth:fluorescencemicroscopy,Fluorescence microscopy,,
Fluorescence spectrometry,meth:fluorescencespectrometry,Fluorescence spectrometry,AFS,
Fluorescence Spectroscopy,meth:fluorescencespectrometry,Fluorescence spectrometry,AFS,
Fluorescent in situ hybridization,meth:fluorescentinsituhybridization,Fluorescent in situ hybridization,FISH,
Fluorimetry,meth:fluorescencespectrometry,Fluorescence spectrometry,AFS,
FLUOROMETRY,meth:fluorescencespectrometry,Fluorescence spectrometry,AFS,
Focused ion beam scanning microscopy,meth:focusedionbeamscanningmicroscopy,Focused ion beam scanning microscopy,FIB-SEM,
Fourier transform infrared spectrometry,meth:fouriertransforminfraredspectrometry,Fourier transform infrared spectrometry,FTIR,FTIR
Fourier transform ion cyclotron resonance mass spectrometry,meth:fouriertransformioncyclotronresonancemassspectrometry,Fourier transform ion cyclotron resonance mass spectrometry,FTICR-MS,
FOURIER TRANSFORM IR SPECTROSCOPY,meth:fouriertransforminfraredspectrometry,Fourier transform infrared spectrometry,FTIR,
FUSION-INDUCTIVELY COUPLED PLASMA MASS SPECTROMETRY,meth:inductivelycoupledplasmamassspectrometry,Inductively coupled plasma mass spectrometry,ICPMS,
Gamma counting,meth:gammacounting,Gamma counting,GC,
Gamma ray spectrometry,meth:gammarayspectrometry,Gamma ray spectrometry,GAMMA,
GAMMA RAY SPECTROSCOPY,meth:gammarayspectrometry,Gamma ray spectrometry,GAMMA,GAMMA
GAMMA SPECTROMETRY,meth:gammarayspectrometry,Gamma ray spectrometry,GAMMA,
GAS CHROMATOGRAPHY,meth:gaschromatographyanalysis,Gas chromatography analysis,GC,GC
Gas chromatography analysis,meth:gaschromatographyanalysis,Gas chromatography analysis,GC,
GAS CHROMATOGRAPHY AND CONTINUOUS FLOW ISOTOPE RATIO MONITORING MASS SPECTROMETRY,meth:isotoperatiomassspectrometry,Isotope ratio mass spectrometry,IRMS,
Gas chromatography flame ionization detection,meth:gaschromatographyflameionizationdetection,Gas chromatography flame ionization detection,GC-FID,
Gas chromatography mass spectrometry,meth:gaschromatographymassspectrometry,Gas chromatography mass spectrometry,GC-MS,
Gas chromatography thermal conductivity detection,meth:gaschromatographythermalconductivitydetection,Gas chromatography thermal conductivity detection,GC-TCD,
Gas chromatography thermal conductivity detector,meth:gaschromatographythermalconductivitydetection,Gas chromatography thermal conductivity detection,GC-TCD,
GAS CHROMATOGRAPHY-MASS SPECTROMETRY,meth:gaschromatographymassspectrometry,Gas chromatography mass spectrometry,GC-MS,GC-MS
Gas pycnometry,meth:gaspycnometry,Gas pycnometry,GPYC,
Geochronology techiques,meth:geochronology,Geochronology techiques,,
Glow discharge mass spectrometry,meth:glowdischargemassspectrometry,Glow discharge mass spectrometry,GDMS,GDMS
Gradient ion chromatography,meth:gradientionchromatographyanalysis,Gradient ion chromatography analysis,GIO,
Gradient ion chromatography analysis,meth:gradientionchromatographyanalysis,Gradient ion chromatography analysis,GIO,
GRADIENT ION-CHROMATOGRAPHY,meth:gradientionchromatographyanalysis,Gradient ion chromatography analysis,GIO,GIO
Gravimetric analysis,meth:gravimeticanalysis,Gravimetric analysis,GRAV,
GRAVIMETRY,meth:gravimeticanalysis,Gravimetric analysis,GRAV,GRAV
Gutzeit test,meth:gutzeittest,Gutzeit test,ARS,
Heat-flow DSC,meth:differentialscanningcalorimetry,Differential scanning calorimetry,DSC,
helium pycnometer,meth:gaspycnometry,Gas pycnometry,GPYC,
High resolution cathodoluminescence,meth:cathodoluminescenceimaging,Cathodoluminescence imaging,HR-CL,
High resolution inductively coupled plasma mass spectrometry,meth:highresolutioninductivelycoupledplasmamassspectrometry,High resolution inductively coupled plasma mass spectrometry,HRICPMS,
HIGH-ABUNDANCE SENSITIVITY THERMAL IONIZATION MASS SPECTROMETRY,meth:thermalionizationmassspectrometry,Thermal ionization mass spectrometry,TIMS,
HIGH-PERFORMANCE ION CHROMATOGRAPHY,meth:ionchromatographyanalysis,Ion chromatography analysis,IC,
HIGH-PERFORMANCE LIQUID CHROMATOGRAPHY,meth:liquidchromatographyanalysis,Liquid chromatography analysis,LIC,HPLC
HIGH-RESOLUTION INDUCTIVELY COUPLED PLASMA MASS SPECTROMETRY,meth:highresolutioninductivelycoupledplasmamassspectrometry,High resolution inductively coupled plasma mass spectrometry,HRICPMS,HR-ICP-MS
HIGH-RESOLUTION INDUCTIVELY-COUPLED PLASMA MASS SPECTROMETRY,meth:highresolutioninductivelycoupledplasmamassspectrometry,High resolution inductively coupled plasma mass spectrometry,HRICPMS,
HIGH-RESOLUTION MULTI-COLLECTOR INDUCTIVELY-COUPLED PLASMA MASS SPECTROMETRY,meth:highresolutioninductivelycoupledplasmamassspectrometry,High resolution inductively coupled plasma mass spectrometry,HRICPMS,
HIGH-RESOLUTION SECONDARY IONIZATION MASS SPECTROMETRY,meth:secondaryionizationmassspectrometry,Secondary ionization mass spectrometry,SIMS,
Hybridization assay,meth:hybridizationassay,Hybridization assay,,
IES,meth:electrochemicalimpedancespectroscopy,Electrochemical impedance spectroscopy,IES,IES
IGNITION,meth:lossonignitionanalysis,Loss on ignition analysis ,IGN,IGN
IGNITION ANALYSIS,meth:lossonignitionanalysis,Loss on ignition analysis ,IGN,
IMAGE ANALYSIS,meth:analyticalmethod,Analytical method,,IA
Imaging techniques,meth:imagingtechniques,Imaging techniques,,
IMPEDANCE ELECTROCHEMICAL SPECTROSCOPY,meth:electrochemicalimpedancespectroscopy,Electrochemical impedance spectroscopy,IES,
in situ ultraviolet laser fluorination,meth:laserfluorinationanalysis,Laser fluorination mass spectrometry,LAF,UV-LF
INDUCTION HEATING,meth:inductionheatinganalysis,Induction heating analysis,IH,
Induction heating analysis,meth:inductionheatinganalysis,Induction heating analysis,IH,
INDUCTIVELY COUPLED PLASMA (FURTHER DETAIL NOT PROVIDED),meth:inductivelycoupledplasmaemissionspectrometry,Inductively coupled plasma emission spectrometry,ICPES,ICP
INDUCTIVELY COUPLED PLASMA ATOMIC EMISSION SPECTROMETRY,meth:inductivelycoupledplasmaemissionspectrometry,Inductively coupled plasma emission spectrometry,ICPES,ICPAES
Inductively coupled plasma emission spectrometry,meth:inductivelycoupledplasmaemissionspectrometry,Inductively coupled plasma emission spectrometry,ICPES,
INDUCTIVELY COUPLED PLASMA LASER ABLATION (FURTHER DETAIL NOT PROVIDED),meth:laserablationinductivelycoupledplasmamassspectrometry,Laser ablation inductively coupled plasma mass spectrometry,LAICPMS,
Inductively coupled plasma mass spectrometry,meth:inductivelycoupledplasmamassspectrometry,Inductively coupled plasma mass spectrometry,ICPMS,ICPMS
INDUCTIVELY COUPLED PLASMA MASS SPECTROMETRY ISOTOPE DILUTION,meth:inductivelycoupledplasmamassspectrometry,Inductively coupled plasma mass spectrometry,ICPMS,ICPMS-ID
INDUCTIVELY COUPLED PLASMA OPTICAL EMISSION SPECTROMETRY,meth:inductivelycoupledplasmaopticalemissionspectrometry,Inductively coupled plasma optical emission spectrometry,ICPOES,ICP-OES
INDUCTIVELY COUPLED PLASMA SPECTROMETRY,meth:inductivelycoupledplasmaemissionspectrometry,Inductively coupled plasma emission spectrometry,ICPES,
INDUCTIVELY-COUPLED PLASMA ATOMIC EMISSION SPECTROMETRY,meth:inductivelycoupledplasmaemissionspectrometry,Inductively coupled plasma emission spectrometry,ICPES,
INDUCTIVELY-COUPLED PLASMA OPTICAL EMISSION SPECTROSCOPY,meth:inductivelycoupledplasmaopticalemissionspectrometry,Inductively coupled plasma optical emission spectrometry,ICPOES,
Infrared absorption spectrometry,meth:infraredabsorptionspectrometry,Infrared absorption spectrometry,IRAS,
INFRARED ABSORPTION SPECTROSCOPY,meth:infraredabsorptionspectrometry,Infrared absorption spectrometry,IRAS,
INFRARED GAS ANALYSIS,meth:infraredabsorptionspectrometry,Infrared absorption spectrometry,IRAS,
INFRARED GAS ANALYZER,meth:infraredabsorptionspectrometry,Infrared absorption spectrometry,IRAS,
infrared laser fluorination,meth:laserfluorinationanalysis,Laser fluorination mass spectrometry,LAF,IR-LF
Infrared optical spectrometry,meth:infraredopticalspectrometry,Infrared optical spectrometry,,
Infrared photometry,meth:infraredphotometry,Infrared photometry,IRP,
INFRARED QUANTIFICATION AND HIGH TEMPERATURE EVOLUTION,meth:elementalanalysisinfraredspectrometry,Elemental analysis infrared spectrometry ,,
INFRARED QUANTIFICATION AND HIGH TEMPERATURE EVOLUTION ANALYSIS,meth:elementalanalysisinfraredspectrometry,Elemental analysis infrared spectrometry ,,
Infrared reflectance,meth:infraredreflectance,Infrared reflectance,IRM,
INFRARED REFLECTION MOISTURE ANALYSIS,meth:infraredreflectance,Infrared reflectance,IRM,
Infrared spectrometry,meth:infraredspectrometry,Infrared spectrometry,IR,
INFRARED SPECTROPHOTOMETRY,meth:infraredspectrometry,Infrared spectrometry,IR,
INFRARED SPECTROSCOPY,meth:infraredspectrometry,Infrared spectrometry,IR,
INFRA-RED SPECTROSCOPY,meth:infraredspectrometry,Infrared spectrometry,IR,IR-SP
Infrared transmission spectrometry,meth:infraredtransmissionspectrometry,Infrared transmission spectrometry,TIRS,
Instrumental neutron activation analysis,meth:instrumentalneutronactivationanalysis,Instrumental neutron activation analysis,INAA,INAA
INSTRUMENTAL NEUTRON ACTIVATION ANALYSIS,meth:instrumentalneutronactivationanalysis,Instrumental neutron activation analysis,INAA,INAA
INSTRUMENTAL PHOTON ACTIVATION ANALYSIS,meth:photonactivationanalysis,Photon activation analysis,PAA,
INVERSION VOLT-AMPEROMETRY,meth:voltammetry,Voltammetry,VOLT,IVA
Ion chromatography,meth:ionchromatographyanalysis,Ion chromatography analysis,IC,INC
Ion chromatography analysis,meth:ionchromatographyanalysis,Ion chromatography analysis,IC,
Ion exchange chromatography,meth:ionchromatographyanalysis,Ion chromatography analysis,IC,
ION MICROPROBE,meth:particlebeamexcitation,Particle beam excitation,xPBE,IMP
ION MICROPROBE ANALYSIS,meth:particlebeamexcitation,Particle beam excitation,xPBE,
ION SELECTIVE ELECTRODE,meth:ionsensitiveelectrodeanalysis,Ion sensitive electrode analysis,ISE,
ION SENSITIVE ELECTRODE,meth:ionsensitiveelectrodeanalysis,Ion sensitive electrode analysis,ISE,ISE
Ion sensitive electrode analysis,meth:ionsensitiveelectrodeanalysis,Ion sensitive electrode analysis,ISE,
IR-laser fluorination mass spectrometry,meth:laserfluorinationanalysis,Laser fluorination mass spectrometry,LAF,IRMS
ISOTHERMAL PLATEAU FISSION TRACK,meth:fissiontrackcounting,Fission track counting,FT,
ISOTHERMAL PLATEAU FISSION TRACK ANALYSIS,meth:fissiontrackcounting,Fission track counting,FT,
ISOTOPE DILUTION CHEMICAL ABRASION THERMAL-IONIZATION MASS SPECTROMETRY,meth:thermalionizationmassspectrometry,Thermal ionization mass spectrometry,TIMS,
Isotope ratio mass spectrometry,meth:isotoperatiomassspectrometry,Isotope ratio mass spectrometry,IRMS,
ISOTOPE-DILUTION ALPHA-SPECTROMETRY,meth:alphaparticlespectrometry,Alpha particle spectrometry,ALPHASPEC,
ISOTOPE-DILUTION HIGH-RESOLUTION INDUCTIVELY-COUPLED PLASMA MASS SPECTROMETRY,meth:highresolutioninductivelycoupledplasmamassspectrometry,High resolution inductively coupled plasma mass spectrometry,HRICPMS,
ISOTOPE-DILUTION INDUCTIVELY-COUPLED PLASMA MASS SPECTROMETRY,meth:inductivelycoupledplasmamassspectrometry,Inductively coupled plasma mass spectrometry,ICPMS,
ISOTOPE-DILUTION MASS SPECTROMETRY,meth:massspectrometry,Mass spectrometry,MS,
ISOTOPE-DILUTION MULTI-COLLECTOR INDUCTIVELY COUPLED PLASMA MASS SPECTROMETRY,meth:inductivelycoupledplasmamassspectrometry,Inductively coupled plasma mass spectrometry,ICPMS,
ISOTOPE-DILUTION MULTI-ION COUNTING SPARK-SOURCE MASS SPECTROMETRY,meth:sparksourcemassspectrometry,Spark source mass spectrometry,SSMS,
ISOTOPE-DILUTION NEGATIVE ION THERMAL-IONIZATION MASS SPECTROMETRY,meth:negativeionthermalionizationmassspectrometry,Negative ion thermal ionization mass spectrometry,NTIMS,
ISOTOPE-DILUTION PLASMA IONISATION MULTI-COLLECTOR MASS SPECTROMETRY,meth:inductivelycoupledplasmamassspectrometry,Inductively coupled plasma mass spectrometry,ICPMS,
ISOTOPE-DILUTION PLASMA IONISATION MULTI-COLLECTOR MASS SPECTROMETRY,meth:plasmasourcemassspectrometry,Plasma source mass spectrometry,PSMS,
ISOTOPE-DILUTION RESONANCE-IONIZATION MASS SPECTROMETRY,meth:laserionizationmassspectrometry,Laser ionization mass spectrometry,LIMS,
ISOTOPE-DILUTION SOLID-SOURCE MASS SPECTROMETRY,meth:solidsourcemassspectrometry,Solid source mass spectrometry,SOSMS,
ISOTOPE-DILUTION SPARK-SOURCE MASS SPECTROMETRY,meth:sparksourcemassspectrometry,Spark source mass spectrometry,SSMS,
ISOTOPE-DILUTION THERMAL-IONIZATION MASS SPECTROMETRY,meth:thermalionizationmassspectrometry,Thermal ionization mass spectrometry,TIMS,
ISOTOPE-RATIO MASS SPECTROMETRY,meth:massspectrometry,Mass spectrometry,MS,
LARGE ISOTOPE-DILUTION ION-PROBE ANALYSIS,meth:secondaryionizationmassspectrometry,Secondary ionization mass spectrometry,SIMS,
LA-RIMS,meth:laserablationresonanceionizationmassspectrometry,Laser ablation resonance ionization mass spectrometry,LA-RIMS,LA-RIMS
LASER ABLATION DOUBLE-FOCUSING MAGNETIC SECTOR FIELD INDUCTIVELY-COUPLED PLASMA MASS SPECTROMETRY,meth:laserablationinductivelycoupledplasmamassspectrometry,Laser ablation inductively coupled plasma mass spectrometry,LAICPMS,
Laser ablation inductively coupled plasma mass spectrometry,meth:laserablationinductivelycoupledplasmamassspectrometry,Laser ablation inductively coupled plasma mass spectrometry,LAICPMS,LA-ICPMS
LASER ABLATION INDUCTIVELY-COUPLED PLASMA MASS SPECTROMETRY,meth:laserablationinductivelycoupledplasmamassspectrometry,Laser ablation inductively coupled plasma mass spectrometry,LAICPMS,
Laser ablation mass spectrometry,meth:laserablationmassspectrometry,Laser ablation mass spectrometry,LAMS,
LASER ABLATION MICROPROBE INDUCTIVELY COUPLED PLASMA MASS SPECTROMETRY,meth:laserablationinductivelycoupledplasmamassspectrometry,Laser ablation inductively coupled plasma mass spectrometry,LAICPMS,LAMICP
LASER ABLATION MICROPROBE INDUCTIVELY-COUPLED PLASMA MASS SPECTROMETRY,meth:laserablationinductivelycoupledplasmamassspectrometry,Laser ablation inductively coupled plasma mass spectrometry,LAICPMS,
LASER ABLATION MICROPROBE MULTI-COLLECTOR INDUCTIVELY-COUPLED PLASMA MASS SPECTROMETRY,meth:laserablationinductivelycoupledplasmamassspectrometry,Laser ablation inductively coupled plasma mass spectrometry,LAICPMS,
LASER ABLATION MULTICOLLECTOR ICPMS,meth:laserablationinductivelycoupledplasmamassspectrometry,Laser ablation inductively coupled plasma mass spectrometry,LAICPMS,LA-MC-ICPMS
LASER ABLATION MULTI-COLLECTOR INDUCTIVELY COUPLED PLASMA MASS SPECTROMETRY,meth:laserablationinductivelycoupledplasmamassspectrometry,Laser ablation inductively coupled plasma mass spectrometry,LAICPMS,
LASER ABLATION PLASMA IONISATION MULTI-COLLECTOR MASS SPECTROMETRY,meth:laserablationinductivelycoupledplasmamassspectrometry,Laser ablation inductively coupled plasma mass spectrometry,LAICPMS,
LASER ABLATION QUADRUPOLE INDUCTIVELY COUPLED PLASMA MASS SPECTROMETRY,meth:laserablationinductivelycoupledplasmamassspectrometry,Laser ablation inductively coupled plasma mass spectrometry,LAICPMS,
laser ablation resonance ionisation mass spectrometer,meth:laserablationresonanceionizationmassspectrometry,Laser ablation resonance ionization mass spectrometry,LA-RIMS,
Laser ablation resonance ionization mass spectrometry ,meth:laserablationresonanceionizationmassspectrometry,Laser ablation resonance ionization mass spectrometry,LA-RIMS,
LASER ABLATION SPLIT STREAM MASS SPECTROMETRY,meth:lassmassspectrometry,Laser ablation split stream mass spectrometry ,LASS,
Laser ablation split stream mass spectrometry ,meth:lassmassspectrometry,Laser ablation split stream mass spectrometry ,LASS,
LASER ABLATION-INDUCTIVELY COUPLED PLASMA-TIME OF FLIGHT-MASS SPECROMETRY,meth:laserablationinductivelycoupledplasmamassspectrometry,Laser ablation inductively coupled plasma mass spectrometry,LAICPMS,LA-ICP-TOF-MS
LASER ABLATION-SPLIT STREAM,meth:lassmassspectrometry,Laser ablation split stream mass spectrometry ,LASS,
LASER ABLATION-SPLIT STREAM ANALYSIS,meth:lassmassspectrometry,Laser ablation split stream mass spectrometry ,LASS,
Laser absorption spectrometry,meth:laserabsorptionspectrometry,Laser absorption spectrometry,LWI,
Laser Assisted Fluorination for Bulk Oxygen Isotope Ratio Measurements,meth:laserfluorinationanalysis,Laser fluorination mass spectrometry,LAF,
LASER CONFOCAL-MICRORAMAN,meth:ramanspectrometry,Raman spectrometry,RAMAN,
LASER CONFOCAL-MICRORAMAN ANALYSIS,meth:ramanspectrometry,Raman spectrometry,RAMAN,
Laser fluorination analysis,meth:laserfluorinationanalysis,Laser fluorination mass spectrometry,LAF,
Laser fluorination mass spectrometry,meth:laserfluorinationanalysis,Laser fluorination mass spectrometry,LAF,
Laser Induced Breakdown Spectrometry,meth:laserinducedbreakdownspectrometry,Laser Induced Breakdown Spectrometry,LIBS,
Laser Induced Breakdown Spectroscopy,meth:laserinducedbreakdownspectrometry,Laser Induced Breakdown Spectrometry,LIBS,LIBS
Laser ionization mass spectrometry,meth:laserionizationmassspectrometry,Laser ionization mass spectrometry,LIMS,
LASER PLASMA IONIZATION MASS SPECTROMETRY,meth:laserionizationmassspectrometry,Laser ionization mass spectrometry,LIMS,
LASER PROBE MICROANALYSIS INDUCTIVELY-COUPLED PLASMA MASS SPECTROMETRY,meth:laserablationinductivelycoupledplasmamassspectrometry,Laser ablation inductively coupled plasma mass spectrometry,LAICPMS,
Laser Raman Microanalysis,meth:ramanspectrometry,Raman spectrometry,RAMAN,
LASER-MICROPROBE ANALYSIS,meth:laserablationmassspectrometry,Laser ablation mass spectrometry,LAMS,
LECO FURNACE,meth:lecofurnaceanalysis,LECO furnace analysis,LECO,
LECO furnace analysis,meth:lecofurnaceanalysis,LECO furnace analysis,LECO,
LF,meth:laserfluorinationanalysis,Laser fluorination mass spectrometry,LF,LF
Liquid chromatography analysis,meth:liquidchromatographyanalysis,Liquid chromatography analysis,LIC,
Liquid chromatography mass spectrometry,meth:liquidchromatographymassspectrometry,Liquid chromatography mass spectrometry,LC-MS,
Liquid chromatography organic carbon detection,meth:liquidchromatographyorganiccarbondetection,Liquid chromatography organic carbon detection,LC-OCD,
Liquid inlet inductively coupled plasma mass spectrometry,meth:liquidinletinductivelycoupledplasmamassspectrometry,Liquid inlet inductively coupled plasma mass spectrometry,SNICPMS,
LIQUID ION CHROMATOGRAPHY,meth:ionchromatographyanalysis,Ion chromatography analysis,IC,
LIQUID-WATER ISOTOPE ANALYSIS,meth:laserabsorptionspectrometry,Laser absorption spectrometry,LWI,
LIQUID-WATER ISOTOPE ANALYZER,meth:laserabsorptionspectrometry,Laser absorption spectrometry,LWI,
Lock in thermography,meth:lockinthermography,Lock in thermography,,
Loss on ignition analysis,meth:lossonignitionanalysis,Loss on ignition analysis ,,
Loss on ignition analysis ,meth:lossonignitionanalysis,Loss on ignition analysis ,,
Magnetic field measurement ,meth:magneticfieldmeasurement,Magnetic field measurement ,,
Manometry,meth:manometry,Manometry,MANO,MANO
Mass spectrometry,meth:massspectrometry,Mass spectrometry,MS,MS
MASS SPECTROMETRY ISOTOPE DILUTION,meth:massspectrometry,Mass spectrometry,MS,MS-ID
Massive parallel sequencing,meth:nextgenerationsequencing,Next generation sequencing,NGS,
Massively parallel sequencing,meth:nextgenerationsequencing,Next generation sequencing,NGS,
Micro X-ray fluorescence,meth:microxrayfluorescencespectroscopy,Micro X-ray fluorescence spectrometry,microXRF,
Micro X-ray fluorescence spectrometry,meth:microxrayfluorescencespectroscopy,Micro X-ray fluorescence spectrometry,microXRF,
Micro X-ray fluorescence spectroscopy,meth:microxrayfluorescencespectroscopy,Micro X-ray fluorescence spectrometry,microXRF,
MICROABSORPTION,meth:atomicabsorptionspectrometry,Atomic absorption spectrometry,AAS,
MICROABSORPTION ANALYSIS,meth:atomicabsorptionspectrometry,Atomic absorption spectrometry,AAS,
MICROMASS MULTIPREP MASS SPECTROMETER,meth:micromassmultiprepmassspectrometry,Micromass multiprep mass spectrometry,MMMS,
Micromass multiprep mass spectrometry,meth:micromassmultiprepmassspectrometry,Micromass multiprep mass spectrometry,MMMS,
Microprobe two step laser mass spectrometry,meth:microprobetwosteplasermassspectrometry,Microprobe two step laser mass spectrometry,microL2MS,
microprobe two-step laser mass spectrometer,meth:microprobetwosteplasermassspectrometry,Microprobe two step laser mass spectrometry,microL2MS,Î¼L2MS
MICROSCOPE VACUUM HEATING STAGE,wrkf:microscopevacuumheating,,,
MICROSCOPE VACUUM HEATING STAGE,wrkf:microscopevacuumheating,,,
MICROSCOPE VACUUM HEATING STAGE ANALYSIS,wrkf:microscopevacuumheating,,,
Microscopic X-ray imaging,meth:microscopicxrayimaging,Microscopic X-ray imaging,XRM,
Microscopy,meth:microscopy,Microscopy,,
MICROWAVE PLASMA EMISSION SPECTROMETRY,meth:plasmaemissionspectrometry,Plasma emission spectrometry,PES,
Mini cryogen free measurement system for thermal conductivity,meth:minicryogenfreemeasurementsystemforthermalconductivity,Mini cryogen free measurement system for thermal conductivity,MCFMS,
Moisture analysis,meth:moistureanalysis,Moisture analysis,SMA,
Mossbauer spectrometry,meth:mossbauerspectroscopy,Mossbauer spectrometry,MBS,
Mossbauer spectroscopy,meth:mossbauerspectroscopy,Mossbauer spectrometry,MBS,MOSS
Mössbauer SPECTROSCOPY,meth:mossbauerspectroscopy,Mossbauer spectrometry,MBS,
Multi collector inductively coupled plasma mass spectrometry,meth:multicollectorinductivelycoupledplasmamassspectrometry,Multi collector inductively coupled plasma mass spectrometry,MC-ICP-MS,
MULTI-COLLECTOR INDUCTIVELY COUPLED PLASMA MAGNETIC SECTOR MASS SPECTROMETRY,meth:multicollectorinductivelycoupledplasmamassspectrometry,Multi collector inductively coupled plasma mass spectrometry,MC-ICP-MS,
MULTICOLLECTOR INDUCTIVELY COUPLED PLASMA MASS SPECTROMETRY,meth:multicollectorinductivelycoupledplasmamassspectrometry,Multi collector inductively coupled plasma mass spectrometry,MC-ICP-MS,MC-ICP-MS
MULTICOLLECTOR INDUCTIVELY COUPLED PLASMA MASS SPECTROMETRY-ISOTOPE DILUTION,meth:multicollectorinductivelycoupledplasmamassspectrometry,Multi collector inductively coupled plasma mass spectrometry,MC-ICP-MS,MC-ICPMS-ID
MULTI-COLLECTOR SECONDARY IONIZATION MASS SPECTROMETRY,meth:secondaryionizationmassspectrometry,Secondary ionization mass spectrometry,SIMS,
MULTI-COLLECTOR THERMAL-IONIZATION MASS SPECTROMETRY,meth:thermalionizationmassspectrometry,Thermal ionization mass spectrometry,TIMS,
MULTI-ION COUNTING SPARK-SOURCE MASS SPECTROMETRY,meth:sparksourcemassspectrometry,Spark source mass spectrometry,SSMS,
NANO SECONDARY ION MASS SPECTROMETRY,meth:secondaryionizationmassspectrometry,Secondary ionization mass spectrometry,SIMS,NANO-SIMS
NANO SECONDARY IONIZATION MASS SPECTROMETRY,meth:secondaryionizationmassspectrometry,Secondary ionization mass spectrometry,SIMS,
Nanoindentation and microindentation,meth:nanoindentationandmicroindentation,Nanoindentation and microindentation,NI-MI,
Nanoscale infrared spectrometry,meth:nanoscaleinfraredspectrometry,Nanoscale infrared spectrometry,nanoIR,
NEAR-INFRARED SPECTROMETRY,meth:infraredspectrometry,Infrared spectrometry,IR,
Negative ion thermal ionization mass spectrometry,meth:negativeionthermalionizationmassspectrometry,Negative ion thermal ionization mass spectrometry,NTIMS,
NEGATIVE ION THERMAL-IONIZATION MASS SPECTROMETRY,meth:negativeionthermalionizationmassspectrometry,Negative ion thermal ionization mass spectrometry,NTIMS,
NEGATIVE THERMAL IONIZATION MASS SPECTROMETRY,meth:negativeionthermalionizationmassspectrometry,Negative ion thermal ionization mass spectrometry,NTIMS,NTIMS
NEGATIVE THERMAL IONIZATION MASS SPECTROMETRY ISOTOPE DILUTION,meth:negativeionthermalionizationmassspectrometry,Negative ion thermal ionization mass spectrometry,NTIMS,NTIMS-ID
NEGATIVE THERMAL-IONIZATION MASS SPECTROMETRY,meth:negativeionthermalionizationmassspectrometry,Negative ion thermal ionization mass spectrometry,NTIMS,
NEGATIVE THERMAL-IONIZATION MASS SPECTROMETRY ISOTOPE DILUTION,meth:negativeionthermalionizationmassspectrometry,Negative ion thermal ionization mass spectrometry,NTIMS,
Neutron activation analysis,meth:neutronactivationanalysis,Neutron activation analysis,NAA,NAA
NEUTRON COINCIDENCE COUNTING,meth:neutroncounting,Neutron counting,NCC,NCC
Neutron counting,meth:neutroncounting,Neutron counting,NCC,
Neutron irradiation noble gas mass spectrometry,meth:neutronirradiationnoblegasmassspectrometry,Neutron irradiation noble gas mass spectrometry,NINGMS,
Neutron-induced prompt gamma-ray analysis,meth:promptgammaneutronactivationanalysis,Prompt gamma neutron activation analysis,PGNAA,
neutron-irradiation noble gas mass spectrometry,meth:neutronirradiationnoblegasmassspectrometry,Neutron irradiation noble gas mass spectrometry,NINGMS,NI-NGMS
Next generation sequencing,meth:nextgenerationsequencing,Next generation sequencing,NGS,
NICKEL SULFIDE FIRE ASSAY ISOTOPE DILUTION,meth:fireassayemissionspectrometry,Fire assay emission spectrometry,xFEMS,NSFA-ID
NICKEL SULFIDE FIRE ASSAY ISOTOPE DILUTION ANALYSIS,meth:fireassayemissionspectrometry,Fire assay emission spectrometry,xFEMS,
NICKEL SULFIDE FIRE ASSAY ISOTOPE DILUTION ANALYSIS,meth:fireassayemissionspectrometry,Fire assay emission spectrometry,xFEMS,
Noble gas and nitrogen static mass spectrometry,meth:noblegasmassspectrometry,Noble gas mass spectrometry,NGMS,
Noble gas mass spectrometry,meth:noblegasmassspectrometry,Noble gas mass spectrometry,NGMS,NGMS
NOBLE-GAS METHOD,meth:neutronirradiationnoblegasmassspectrometry,Neutron irradiation noble gas mass spectrometry,NINGMS,
Nuclear magnetic resonance,meth:nuclearmagneticresonancespectrometry,Nuclear magnetic resonance spectrometry,NMR,
Nuclear magnetic resonance spectrometry,meth:nuclearmagneticresonancespectrometry,Nuclear magnetic resonance spectrometry,NMR,
Nuclear magnetic resonance spectroscopy,meth:nuclearmagneticresonancespectrometry,Nuclear magnetic resonance spectrometry,NMR,
NUCLEAR MICROPROBE,meth:nuclearmicroprobeanalysis,Nuclear microprobe analysis,NMP,
Nuclear microprobe analysis,meth:nuclearmicroprobeanalysis,Nuclear microprobe analysis,NMP,
Nuclear particle track counting,meth:nuclearparticletrackcounting,Nuclear particle track counting,NPTC,NUCLEAR PARTICLE TRACK COUNTING
NUCLEAR REACTION ANALYSIS,meth:nuclearreactionspectrometry,Nuclear reaction spectrometry,NRA,NRA
Nuclear reaction spectrometry,meth:nuclearreactionspectrometry,Nuclear reaction spectrometry,NRA,
Off-Axis Integrated Cavity Output Spectroscopy (OA-ICOS),meth:laserabsorptionspectrometry,Laser absorption spectrometry,LWI,
OPTICAL EMISSION SPECTROMETRY,meth:opticalemissionspectrometry,Optical emission spectrometry,OES,OES
OPTICAL EMISSION SPECTROSCOPY,meth:opticalemissionspectrometry,Optical emission spectrometry,OES,
Optical spectrometry,meth:opticalspectrometry,Optical spectrometry,OSPEC,
OPTICAL SPECTROSCOPY,meth:opticalspectrometry,Optical spectrometry,OSPEC,OPS
Orbitrap mass spectrometry,meth:orbitrapmassspectrometry,Orbitrap mass spectrometry,,
Other,meth:analyticalmethod,Analytical method,,
Particle beam excitation,meth:particlebeamexcitation,Particle beam excitation,xPBE,
Particle cohesion determination,meth:particlecohesiondetermination,Particle cohesion determination,PCD-AFM,
Particle counting,meth:particlecounting,Particle counting,xPC,
Particle induced activation analysis,meth:particleinducedactivationanalysis,Activation analysis,PIGE,
PARTICLE INDUCED X-RAY EMISSION MICROPROBE,meth:quantitativeanalysisparticleinducedxrayspectrometry,Quantitative analysis particle induced X-ray spectrometry,PIXEA,
PARTICLE INDUCED X-RAY EMISSION MICROPROBE ANALYSIS,meth:quantitativeanalysisparticleinducedxrayspectrometry,Quantitative analysis particle induced X-ray spectrometry,PIXEA,
Particle induced X-ray spectrometry,meth:particleinducedxrayspectrometry,Particle induced X-ray spectrometry,PIXE,
Particle size distribution analysis,meth:particlesizedistributionanalysis,Particle size distribution analysis,PSFD,
Particle spectrometry,meth:particlespectrometry,Particle spectrometry,xPASP,
PARTICULE INDUCED GAMMA-RAY EMISSION,meth:particleinducedactivationanalysis,Activation analysis,PIGE,
PARTICULE INDUCED GAMMA-RAY EMISSION ANALYSIS,meth:particleinducedactivationanalysis,Activation analysis,PIGE,
PENFIELD METHOD,meth:penfieldmethodanalysis,Penfield method analysis,PEN,PEN
Penfield method analysis,meth:penfieldmethodanalysis,Penfield method analysis,PEN,
pH measurement,meth:phmeasurement,pH measurement,,
Photometry,meth:photometry,Photometry,PHOT,
Photon activation analysis,meth:photonactivationanalysis,Photon activation analysis,PAA,
Photon spectrometry,meth:photonspectrometry,Photon spectrometry,xPHSP,
Physical property measurement,meth:physicalpropertymeasurement,Physical property measurement,,
Plasma emission spectrometry,meth:plasmaemissionspectrometry,Plasma emission spectrometry,PES,
PLASMA IONISATION MULTI-COLLECTOR MASS SPECTROMETRY,meth:multicollectorinductivelycoupledplasmamassspectrometry,Multi collector inductively coupled plasma mass spectrometry,MC-ICP-MS,
Plasma optical emission spectrometry,meth:plasmaopticalemissionspectrometry,Plasma optical emission spectrometry,POES,
PLASMA OPTICAL EMISSION SPECTROSCOPY,meth:plasmaopticalemissionspectrometry,Plasma optical emission spectrometry,POES,
Plasma optical spectrometry,meth:plasmaopticalspectrometry,Plasma optical spectrometry,xPOS,
Plasma source mass spectrometry,meth:plasmasourcemassspectrometry,Plasma source mass spectrometry,PSMS,
PLASMA-SOURCE MASS SPECTROMETRY,meth:plasmasourcemassspectrometry,Plasma source mass spectrometry,PSMS,
Point counting,meth:pointcounting,Point counting,PC,PC
Polarography,meth:polarography,Polarography,POL,
Porosimetry,meth:porosimetry,Porosimetry,,
Positive ion thermal ionization mass spectrometry,meth:positiveionthermalionizationmassspectrometry,Positive ion thermal ionization mass spectrometry,PTIMS,
POSITIVE ION THERMAL-IONIZATION MASS SPECTROMETRY,meth:positiveionthermalionizationmassspectrometry,Positive ion thermal ionization mass spectrometry,PTIMS,
Potentiometry,meth:potentiometry,Potentiometry,POT,POT
Powder X-ray diffraction,meth:xraypowderdiffraction,X-ray powder diffraction,XRPD,
Power compensation DSC,meth:differentialscanningcalorimetry,Differential scanning calorimetry,DSC,
Pre irradiation group concentration neutron activation analysis,meth:pigsneutronactivationanalysis,Pre irradiation group concentration neutron activation analysis ,,
Pre irradiation group concentration neutron activation analysis ,meth:pigsneutronactivationanalysis,Pre irradiation group concentration neutron activation analysis ,,
PRE-IRRADIATION GROUP CONCENTRATION ANALYSIS,meth:pigsneutronactivationanalysis,Pre irradiation group concentration neutron activation analysis ,,
PRE-IRRADIATION GROUP CONCENTRATION METHOD,meth:pigsneutronactivationanalysis,Pre irradiation group concentration neutron activation analysis ,,
Prompt gamma neutron activation analysis,meth:promptgammaneutronactivationanalysis,Prompt gamma neutron activation analysis,PGNAA,
PROMPT-GAMMA NEUTRON ACTIVATION ANALYSIS,meth:promptgammaneutronactivationanalysis,Prompt gamma neutron activation analysis,PGNAA,PGNAA
Proton Induced X-ray Emission,meth:particleinducedxrayspectrometry,Particle induced X-ray spectrometry,PIXE,PIXE
PROTON MICROPROBE,meth:nuclearmicroprobeanalysis,Nuclear microprobe analysis,NMP,PMP
PROTON MICROPROBE ANALYSIS,meth:nuclearmicroprobeanalysis,Nuclear microprobe analysis,NMP,
PT,meth:analyticalmethod,Analytical method,PT,PT
PYROHYDROLYSIS,wrkf:pyrohydrolysis,,,PYRO
PYROHYDROLYSIS COMBINED WITH ION CHROMATOGRAPHY,meth:ionchromatographyanalysis,Ion chromatography analysis,IC,
Pyrolysis gas chromatography,meth:pyrolysisgaschromatography,Pyrolysis gas chromatography,Py-GC,
Pyrolysis gas chromatography flame ionization detection,meth:pyrolysisgaschromatographyflameionizationdetection,Pyrolysis gas chromatography flame ionization detection,Py-GC-FID,
Pyrolysis gas chromatography mass spectrometry,meth:pyrolysisgaschromatographymassspectrometry,Pyrolysis gas chromatography mass spectrometry,Py-GC-MS,
Pyrolysis mass spectrometry,meth:pyrolysisgaschromatographymassspectrometry,Pyrolysis gas chromatography mass spectrometry,Py-GC-MS,
QUADRUPOLE INDUCTIVELY COUPLED PLASMA MASS SPECTROMETRY,meth:inductivelycoupledplasmamassspectrometry,Inductively coupled plasma mass spectrometry,ICPMS,
QUADRUPOLE INDUCTIVELY COUPLED PLASMA MASS SPECTROMETRY,meth:quadrupoleinductivelycoupledplasmmassspectrometry,Quadrupole inductively coupled plasma mass spectrometry,Q-ICP-MS,
Quantitative analysis electron induced X-ray spectrometry,meth:quantitativeanalysiselectroninducedxrayspectrometry,Quantitative analysis electron induced X-ray spectrometry,EMPA,
Quantitative analysis particle induced X-ray spectrometry,meth:quantitativeanalysisparticleinducedxrayspectrometry,Quantitative analysis particle induced X-ray spectrometry,PIXEA,
Quantitative PCR,meth:quantitativepolymerasechainreaction,Quantitative polymerase chain reaction,qPCR,
Quantitative polymerase chain reaction,meth:quantitativepolymerasechainreaction,Quantitative polymerase chain reaction,qPCR,
Quantitative reflectance imaging,meth:quantitativereflectanceimagingsystem,Quantitative reflectance imaging,QRIS,
Quantitative reflectance imaging system,meth:quantitativereflectanceimagingsystem,Quantitative reflectance imaging,QRIS,
RADIOANALYTICAL NEUTRON ACTIVATION,meth:radiochemicalneutronactivationanalysis,Radiochemical neutron activation analysis,RNAA,RNAA
Radiochemical neutron activation analysis,meth:radiochemicalneutronactivationanalysis,Radiochemical neutron activation analysis,RNAA,
RADON METHOD,meth:particlecounting,Particle counting,xPC,
RADON METHOD can we clarify more???,meth:particlecounting,Particle counting,xPC,
Raman,meth:ramanspectrometry,Raman spectrometry,RAMAN,
Raman spectrometry,meth:ramanspectrometry,Raman spectrometry,RAMAN,
Raman Spectroscopy,meth:ramanspectrometry,Raman spectrometry,RAMAN,
Raman vibrational spectroscopy,meth:ramanspectrometry,Raman spectrometry,RAMAN,
RAPID ROCK ANALYSIS,meth:analyticalmethod,Analytical method,,RR
Rare-gas mass spectrometry,meth:noblegasmassspectrometry,Noble gas mass spectrometry,NGMS,
Redox potential measurement,meth:redoxpotentialmeasurement,Redox potential measurement,,
resonance ionisation mass spectrometer,meth:laserionizationmassspectrometry,Laser ionization mass spectrometry,LIMS,RIMS
Resonance ionization time of flight noble gas mass spectrometry,meth:resonanceionizationtimeofflightnoblegasmassspectrometry,Resonance ionization time of flight noble gas mass spectrometry,RI-TOF-NGMS,
RESONANCE-IONIZATION MASS SPECTROMETRY,meth:laserionizationmassspectrometry,Laser ionization mass spectrometry,LIMS,
RN-EMANATION,meth:particlecounting,Particle counting,xPC,
RN-EMANATION ANALYSIS,meth:particlecounting,Particle counting,xPC,
Sanger sequencing,meth:sangersequencing,Sanger sequencing,,
SCANNING ELECTRON MICROSCOPE,meth:electronmicroscopyimaging,Electron microscopy imaging,SEM,SEM
SCANNING ELECTRON MICROSCOPE-ENERGY DISPERSIVE XRAY ANALYSIS,meth:energydispersiveelectroninducedxrayspectrometry,Energy dispersive electron induced X-ray spectrometry,EEDS,
SCANNING ELECTRON MICROSCOPE-ENERGY DISPERSIVE XRAYS,meth:energydispersiveelectroninducedxrayspectrometry,Energy dispersive electron induced X-ray spectrometry,EEDS,SEM-EDS
SCANNING ELECTRON MICROSCOPY,meth:electronmicroscopyimaging,Electron microscopy imaging,SEM,
Scanning Proton Microprobe,meth:nuclearmicroprobeanalysis,Nuclear microprobe analysis,NMP,
scanning proton microscopy (SPM),meth:nuclearmicroprobeanalysis,Nuclear microprobe analysis,NMP,
Scanning transmission electron imaging,meth:scanningtransmissionelectronimaging,Scanning transmission electron imaging,STEM,
Scanning transmission electron microscopy,meth:scanningtransmissionelectronimaging,Scanning transmission electron imaging,STEM,
SCANNING TRANSMISSION ELECTRON MICROSCOPY ENERGY DISPERSIVE XRAY SPECTROMETER,meth:energydispersiveelectroninducedxrayspectrometry,Energy dispersive electron induced X-ray spectrometry,EEDS,STEM-EDX
SCANNING TRANSMISSION ELECTRON MICROSCOPY ENERGY DISPERSIVE XRAY SPECTROMETRY,meth:energydispersiveelectroninducedxrayspectrometry,Energy dispersive electron induced X-ray spectrometry,EEDS,
Second generation sequencing,meth:nextgenerationsequencing,Next generation sequencing,NGS,
Secondary electron imaging,meth:secondaryelectronimaging,Secondary electron imaging,SE,
Secondary electron microscopy,meth:secondaryelectronimaging,Secondary electron imaging,SE,
SECONDARY ION MASS SPECTROMETRY,meth:secondaryionizationmassspectrometry,Secondary ionization mass spectrometry,SIMS,SIMS
Secondary ionization mass spectrometry,meth:secondaryionizationmassspectrometry,Secondary ionization mass spectrometry,SIMS,
Secondary neutral mass spectrometry,meth:secondaryneutralmassspectrometry,Secondary neutral mass spectrometry,SNMS,
Sector field inductively coupled plasma mass spectrometry,meth:sectorfieldicpms,Sector field inductively coupled plasma mass spectrometry,ICP-SFMS,SF-ICPMS
SECTOR FIELD INDUCTIVELY-COUPLED PLASMA MASS SPECTROMETRY,meth:inductivelycoupledplasmamassspectrometry,Inductively coupled plasma mass spectrometry,ICPMS,
Seismic velocities and rock ultrasonic elastic constants,meth:seismicvelocitiesandrockultrasonicelasticconstants,Seismic velocity and ultrasonic elastic constant measurement,SV-RUEC,
Seismic velocity and ultrasonic elastic constant measurement,meth:seismicvelocitiesandrockultrasonicelasticconstants,Seismic velocity and ultrasonic elastic constant measurement,SV-RUEC,
Sensitive High Resolution Ion MicroProbe,meth:secondaryionizationmassspectrometry,Secondary ionization mass spectrometry,SIMS,SHRIMP
SENSITIVE HIGH-MASS-RESOLUTION ION MICROPROBE,meth:secondaryionizationmassspectrometry,Secondary ionization mass spectrometry,SIMS,
SENSITIVE HIGH-MASS-RESOLUTION ION MICROPROBE ANALYSIS,meth:secondaryionizationmassspectrometry,Secondary ionization mass spectrometry,SIMS,
SENSITIVE HIGH-MASS-RESOLUTION ION MICROPROBE-REVERSE GEOMETRY,meth:secondaryionizationmassspectrometry,Secondary ionization mass spectrometry,SIMS,
SENSITIVE HIGH-MASS-RESOLUTION ION MICROPROBE-REVERSE GEOMETRY ANALYSIS,meth:secondaryionizationmassspectrometry,Secondary ionization mass spectrometry,SIMS,
Shot gun sequencing,meth:shotgunmethod,Shotgun method,,
Shotgun method,meth:shotgunmethod,Shotgun method,,
SINGLE CRYSTAL LASER FUSION ANALYSIS,meth:laserablationmassspectrometry,Laser ablation mass spectrometry,LAMS,
SINGLE CRYSTAL LASER FUSION TECHNIQUE,meth:laserablationmassspectrometry,Laser ablation mass spectrometry,LAMS,
Single crystal X-ray diffraction,meth:singlecrystalxraydiffraction,Single crystal X-ray diffraction,,
Solid source mass spectrometry,meth:solidsourcemassspectrometry,Solid source mass spectrometry,SOSMS,
Solid state nuclear magnetic resonance spectrometry,meth:solidstatenuclearmagneticresonancespectroscopy,Solid state nuclear magnetic resonance spectroscopy,SS-NMR,
Solid state nuclear magnetic resonance spectroscopy,meth:solidstatenuclearmagneticresonancespectroscopy,Solid state nuclear magnetic resonance spectroscopy,SS-NMR,
SOLID-SOURCE MASS SPECTROMETRY,meth:solidsourcemassspectrometry,Solid source mass spectrometry,SOSMS,
SOLUTION-NEBULIZED INDUCTIVELY-COUPLED PLASMA MASS SPECTROMETRY,meth:liquidinletinductivelycoupledplasmamassspectrometry,Liquid inlet inductively coupled plasma mass spectrometry,SNICPMS,
Spark source mass spectrometry,meth:sparksourcemassspectrometry,Spark source mass spectrometry,SSMS,SSMS
SPARK SOURCE MASS SPECTROMETRY - ISOTOPE DILUTION,meth:sparksourcemassspectrometry,Spark source mass spectrometry,SSMS,SS-ID
SPARK-SOURCE MASS SPECTROMETRY,meth:sparksourcemassspectrometry,Spark source mass spectrometry,SSMS,
SPARK-SOURCE MASS SPECTROMETRY AND CALIBRATION WITH RELATIVE SENSITIVITY FACTOR,meth:sparksourcemassspectrometry,Spark source mass spectrometry,SSMS,
SPECIFIC ION ELECTRODE,meth:ionsensitiveelectrodeanalysis,Ion sensitive electrode analysis,ISE,
SPECIFIC ION ELECTRODE ANALYSIS,meth:ionsensitiveelectrodeanalysis,Ion sensitive electrode analysis,ISE,
SPECTROCHEMISTRY,meth:spectrometry,Spectrometry,SPEC,
Spectrofluorometry,meth:fluorescencespectrometry,Fluorescence spectrometry,AFS,
SPECTROGRAPHIC ANALYSIS,meth:spectrometry,Spectrometry,SPEC,SPEC
SPECTROGRAPHY,meth:spectrometry,Spectrometry,SPEC,
Spectrometry,meth:spectrometry,Spectrometry,SPEC,
Spectrophotometry,meth:spectrophotometry,Spectrophotometry,SP-PH,SP-PH
Spherical cell bulk thermal conductivity analysis,meth:sphericalcellbulkthermalconductivityanalysis,Spherical cell bulk thermal conductivity analysis,SCBTCA,
STANDARD ADDITION SOLUTION INDUCTIVELY-COUPLED PLASMA MASS-SPECTROMETRY,meth:liquidinletinductivelycoupledplasmamassspectrometry,Liquid inlet inductively coupled plasma mass spectrometry,SNICPMS,
STEPPED HEATING,wrkf:steppedheating,,,
STEPPED HEATING ANALYSIS,wrkf:steppedheating,,,
Stepped heating carbon and nitrogen isotopic analysis,meth:steppedheatingcarbonandnitrogenisotopicanalysis,Stepped heating carbon and nitrogen isotopic analysis,FINESSE,
Stepped heating carbon and nitrogen isotopic compositions,meth:steppedheatingcarbonandnitrogenisotopicanalysis,Stepped heating carbon and nitrogen isotopic analysis,FINESSE,
Structured light scanning,meth:structuredlightscanning,Structured light scanning,SLS,
Surface analysis,meth:surfaceanalysis,Surface analysis,xSA,
Synchotron X-Ray Fluorescence Analysis,meth:synchrotonxrayfluorescencespectrometry,Synchroton X-ray fluorescence spectrometry,S-XRF,SXRF
SYNCHROTON X-RAY FLUORESCENCE ANALYSIS,meth:synchrotonxrayfluorescencespectrometry,Synchroton X-ray fluorescence spectrometry,S-XRF,
Synchroton X-ray fluorescence spectrometry,meth:synchrotonxrayfluorescencespectrometry,Synchroton X-ray fluorescence spectrometry,S-XRF,
synchrotron radiation induced X-ray fluorescence analysis,meth:synchrotonxrayfluorescencespectrometry,Synchroton X-ray fluorescence spectrometry,S-XRF,
Synchrotron X-ray fluorescence tomography,meth:synchrotronxrayfluorescencetomography,Synchrotron X-ray fluorescence tomography,SXRFTomographicImage,
Synchrotron-based X-ray Fluorescence Spectroscopy,meth:synchrotonxrayfluorescencespectrometry,Synchroton X-ray fluorescence spectrometry,S-XRF,
TEMPERATURE PROGRAMMED DESORPTION ELECTRON PROBE,meth:temperatureprogrammeddesorptionelectronprobeanalysis,Temperature programmed desorption electron probe analysis,TPD,
Temperature programmed desorption electron probe analysis,meth:temperatureprogrammeddesorptionelectronprobeanalysis,Temperature programmed desorption electron probe analysis,TPD,
Tensiometry,meth:tensiometry,Tensiometry,,
Thermal analysis,meth:thermalanalysis,Thermal analysis,xTA,
THERMAL CONDUCTIVITY DETECTOR,meth:gaschromatographythermalconductivitydetection,Gas chromatography thermal conductivity detection,GC-TCD,
THERMAL CONDUCTIVITY DETECTOR ANALYSIS,meth:gaschromatographythermalconductivitydetection,Gas chromatography thermal conductivity detection,GC-TCD,
THERMAL CONVERSION ELEMENTAL ANALYSIS,meth:elementalanalysis,Elemental analysis ,,
THERMAL CONVERSION ELEMENTAL ANALYZER,meth:elementalanalysis,Elemental analysis ,,
Thermal ionization mass spectrometry,meth:thermalionizationmassspectrometry,Thermal ionization mass spectrometry,TIMS,TIMS
THERMAL IONIZATION MASS SPECTROMETRY ISOTOPE DILUTION,meth:thermalionizationmassspectrometry,Thermal ionization mass spectrometry,TIMS,TIMS-ID
Thermal neutron activation analysis,meth:thermalneutronactivationanalysis,Thermal neutron activation analysis,,
THERMAL-IONIZATION MASS SPECTROMETRY,meth:thermalionizationmassspectrometry,Thermal ionization mass spectrometry,TIMS,
Thermogravimetric analysis,meth:thermogravimetryanalysis,Thermogravimetry analysis,TGA,
THERMOGRAVIMETRIC AND DIFFERENTIAL ANALYZER,meth:thermogravimetryanalysis,Thermogravimetry analysis,TGA,
Thermogravimetry analysis,meth:thermogravimetryanalysis,Thermogravimetry analysis,TGA,
Titration,meth:titration,Titration,TIT,TITR
TITRATION ANALYSIS,meth:titration,Titration,TIT,
TOF-SIMS,meth:secondaryionizationmassspectrometry,Secondary ionization mass spectrometry,SIMS,TOF-SIMS
TOTAL COMBUSTION,meth:combustionanalysis,Combustion analysis,COMB,
TOTAL COMBUSTION ANALYSIS,meth:combustionanalysis,Combustion analysis,COMB,
TOTAL DIGESTION INDUCTIVELY COUPLED PLASMA EMISSION SPECTROMETRY,meth:inductivelycoupledplasmaemissionspectrometry,Inductively coupled plasma emission spectrometry,ICPES,
TOTAL DIGESTION-INDUCTIVELY COUPLED PLASMA MASS SPECTROMETRY,meth:liquidinletinductivelycoupledplasmamassspectrometry,Liquid inlet inductively coupled plasma mass spectrometry,SNICPMS,
total reflection X- ray fluorescence analysis,meth:totalreflectionxrayfluorescencespectrometry,Total reflection X-ray fluorescence spectrometry,TXRF,
TOTAL REFLECTION X-RAY FLUORESCENCE ANALYSIS,meth:totalreflectionxrayfluorescencespectrometry,Total reflection X-ray fluorescence spectrometry,TXRF,
Total reflection X-ray fluorescence spectrometry,meth:totalreflectionxrayfluorescencespectrometry,Total reflection X-ray fluorescence spectrometry,TXRF,
Track counting,meth:trackcounting,Track counting,xTC,
Transmission electron imaging,meth:transmissionelectronimaging,Transmission electron imaging,TEM,
Transmission electron microscopy,meth:transmissionelectronimaging,Transmission electron imaging,TEM,
TRANSMISSION ELECTRON MICROSCOPY- ENERGY-DISPERSIVE X-RAY SPECTROSCOPY,meth:energydispersiveelectroninducedxrayspectrometry,Energy dispersive electron induced X-ray spectrometry,EEDS,TEM-EDS
TRANSMISSION IR SPECTROSCOPY,meth:infraredtransmissionspectrometry,Infrared transmission spectrometry,TIRS,
Transmission spectrometry,meth:transmissionspectrometry,Transmission spectrometry,xTSPEC,
Transmitted electron diffraction,meth:transmittedelectrondiffraction,Transmitted electron diffraction,,
ULTRASONIC NEBULIZATION INDUCTIVELY-COUPLED PLASMA MASS SPECTROMETRY,meth:liquidinletinductivelycoupledplasmamassspectrometry,Liquid inlet inductively coupled plasma mass spectrometry,SNICPMS,
ULTRAVIOLET EMISSION SPECTROGRAPHY,meth:ultravioletemissionspectrometry,Ultraviolet emission spectrometry,UVES,UV-ES
Ultraviolet emission spectrometry,meth:ultravioletemissionspectrometry,Ultraviolet emission spectrometry,UVES,
Ultraviolet laser ablation,wrkf:ultravioletlaserablation,,,
ultraviolet laser ablation microprobe,wrkf:ultravioletlaserablation,,,UVLAMP
ULTRAVIOLET LASER ABLATION MICROPROBE ANALYSIS,wrkf:ultravioletlaserablation,,,
UNKNOWN,meth:analyticalmethod,Analytical method,,Unknown
VACUUM FUSION,wrkf:vacuumpyrolysis,,,VAC-F
VACUUM FUSION ANALYSIS,wrkf:vacuumpyrolysis,,,
VACUUM FUSION TECHNIQUE,wrkf:vacuumpyrolysis,,,
VACUUM PYROLYSIS,wrkf:vacuumpyrolysis,,,VAC PYRO
Visible light microscopy,meth:visiblelightmicroscopy,Visible light microscopy,VLM,
"Visible, near-infrared, and mid-infrared (VNMIR)  2D spectral raster SwRI micro-FTIR",meth:visiblenearinfraredandmidinfraredimaging,"Visible, near-infrared, and mid-infrared imaging",VNMIR,
"Visible, near-infrared, and mid-infrared imaging",meth:visiblenearinfraredandmidinfraredimaging,"Visible, near-infrared, and mid-infrared imaging",VNMIR,
VOLTAMETRY,meth:voltammetry,Voltammetry,VOLT,
Voltammetry,meth:voltammetry,Voltammetry,VOLT,
VOLUMETRIC ANALYSIS,meth:titration,Titration,TIT,VOL
VOLUMETRY,meth:titration,Titration,TIT,
Water by difference calculation,wrkf:waterbydifferencecalculation,,,
WATER-BY-DIFFERENCE,wrkf:waterbydifferencecalculation,,,
WATER-BY-DIFFERENCE ANALYSIS,wrkf:waterbydifferencecalculation,,,
Wavelength dispersive electron induced X-ray spectrometry,meth:wavelengthdispersiveelectroninducedxrayspectrometry,Wavelength dispersive electron induced X-ray spectrometry,WDS,
Wavelength-dispersive X-ray fluorescence analysis,meth:wavelengthdispersiveelectroninducedxrayspectrometry,Wavelength dispersive electron induced X-ray spectrometry,WDS,
Wet chemistry,meth:wetchemistry,Wet chemistry,WET,WET
WET-CHEMICAL ANALYSIS,meth:wetchemistry,Wet chemistry,WET,
X-RADIOGRAPHY,meth:xrayimaging,X-ray imaging,RAD,
X-ray absorption near edge structure (XANES) spectroscopy,meth:xrayabsorptionnearedgestructurespectrometry,X-ray absorption near edge structure spectrometry,XANES,
X-ray absorption near edge structure spectrometry,meth:xrayabsorptionnearedgestructurespectrometry,X-ray absorption near edge structure spectrometry,XANES,
X-RAY ABSORPTION NEAR-EDGE STRUCTURE SPECTROSCOPY,meth:xrayabsorptionnearedgestructurespectrometry,X-ray absorption near edge structure spectrometry,XANES,XANES
X-ray absorption spectrometry,meth:xrayabsorptionspectrometry,X-ray absorption spectrometry,XAS,
X-ray composition map,meth:xraymap,X-ray composition map,XMAP,
X-ray computed micro-tomography (XCMT),meth:xraycomputedtomography,X-ray computed tomography,XCT,
X-ray computed tomography,meth:xraycomputedtomography,X-ray computed tomography,XCT,XCT
X-ray crystallography,meth:singlecrystalxraydiffraction,Single crystal X-ray diffraction,,
X-ray diffraction,meth:xraydiffraction,X-ray diffraction,XRD,XRD
X-ray diffraction analysis,meth:xraydiffraction,X-ray diffraction,XRD,
X-ray diffraction snalysis,meth:xraydiffraction,X-ray diffraction,XRD,
X-RAY DIFFRACTION SPECTROMETRY,meth:xraydiffraction,X-ray diffraction,XRD,
X-RAY FLUORESCENCE,meth:xrayfluorescencespectrometry,X-ray fluorescence spectrometry,XRF,XRF
X-ray fluorescence analysis,meth:xrayfluorescencespectrometry,X-ray fluorescence spectrometry,XRF,
X-RAY FLUORESCENCE ANALYSIS,meth:xrayfluorescencespectrometry,X-ray fluorescence spectrometry,XRF,
X-ray fluorescence spectrometry,meth:xrayfluorescencespectrometry,X-ray fluorescence spectrometry,XRF,
X-ray Fluorescence spectroscopy,meth:xrayfluorescencespectrometry,X-ray fluorescence spectrometry,XRF,
X-ray imaging,meth:xrayimaging,X-ray imaging,RAD,
X-RAY MICROSCOPY ANALYSIS,meth:microscopicxrayimaging,Microscopic X-ray imaging,XRM,
X-ray photoelectron spectrometery,meth:xrayphotoelectronspectrometery,X-ray photoelectron spectrometery,XPS,
X-ray photoelectron spectrometry composition mapping,meth:xrayphotoelectronspectroscopycompositionmap,X-ray photoelectron spectrometry composition mapping,,
X-RAY PHOTOELECTRON SPECTROSCOPY,meth:xrayphotoelectronspectrometery,X-ray photoelectron spectrometery,XPS,
X-ray photoelectron spectroscopy (XPS) elemental/chemical maps,meth:xrayphotoelectronspectroscopycompositionmap,X-ray photoelectron spectrometry composition mapping,,
X-ray powder diffraction,meth:xraypowderdiffraction,X-ray powder diffraction,XRPD,
X-ray spectrometry,meth:xrayspectrometry,X-ray spectrometry,XRS,
XRF Spectroscopy,meth:xrayfluorescencespectrometry,X-ray fluorescence spectrometry,XRF,
XRM,meth:microscopicxrayimaging,Microscopic X-ray imaging,XRM,XRM
